Gender,Age,Address,Family_Size,Parental_Status,Mother_Education,Father_Education,Mother_Job,Father_Job,Travel_Time,Number_of_Failures,School_Support,Family_Support,Attended_Nursery,Wants_Higher_Education,Internet_Access,Health_Status,Dropped_Out
F,18,U,GT3,A,4,4,at_home,teacher,2,0,yes,no,yes,yes,no,3,FALSE
F,17,U,GT3,T,1,1,at_home,other,1,0,no,yes,no,yes,yes,3,FALSE
F,15,U,LE3,T,1,1,at_home,other,1,0,yes,no,yes,yes,yes,3,FALSE
F,15,U,GT3,T,4,2,health,services,1,0,no,yes,yes,yes,yes,5,FALSE
F,16,U,GT3,T,3,3,other,other,1,0,no,yes,yes,yes,no,5,FALSE
M,16,U,LE3,T,4,3,services,other,1,0,no,yes,yes,yes,yes,5,FALSE
M,16,U,LE3,T,2,2,other,other,1,0,no,no,yes,yes,yes,3,FALSE
F,17,U,GT3,A,4,4,other,teacher,2,0,yes,yes,yes,yes,no,1,FALSE
M,15,U,LE3,A,3,2,services,other,1,0,no,yes,yes,yes,yes,1,FALSE
M,15,U,GT3,T,3,4,other,other,1,0,no,yes,yes,yes,yes,5,FALSE
F,15,U,GT3,T,4,4,teacher,health,1,0,no,yes,yes,yes,yes,2,FALSE
F,15,U,GT3,T,2,1,services,other,3,0,no,yes,yes,yes,yes,4,FALSE
M,15,U,LE3,T,4,4,health,services,1,0,no,yes,yes,yes,yes,5,FALSE
M,15,U,GT3,T,4,3,teacher,other,2,0,no,yes,yes,yes,yes,3,FALSE
M,15,U,GT3,A,2,2,other,other,1,0,no,yes,yes,yes,yes,3,FALSE
F,16,U,GT3,T,4,4,health,other,1,0,no,yes,yes,yes,yes,2,FALSE
F,16,U,GT3,T,4,4,services,services,1,0,no,yes,yes,yes,yes,2,FALSE
F,16,U,GT3,T,3,3,other,other,3,0,yes,yes,yes,yes,no,4,FALSE
M,17,U,GT3,T,3,2,services,services,1,3,no,yes,yes,yes,yes,5,TRUE
M,16,U,LE3,T,4,3,health,other,1,0,no,no,yes,yes,yes,5,FALSE
M,15,U,GT3,T,4,3,teacher,other,1,0,no,no,yes,yes,yes,1,FALSE
M,15,U,GT3,T,4,4,health,health,1,0,no,yes,yes,yes,yes,5,FALSE
M,16,U,LE3,T,4,2,teacher,other,1,0,no,no,yes,yes,yes,5,FALSE
M,16,U,LE3,T,2,2,other,other,2,0,no,yes,yes,yes,yes,5,FALSE
F,15,R,GT3,T,2,4,services,health,1,0,yes,yes,yes,yes,yes,5,FALSE
F,16,U,GT3,T,2,2,services,services,1,0,no,yes,no,yes,yes,5,FALSE
M,15,U,GT3,T,2,2,other,other,1,0,no,yes,yes,yes,yes,5,FALSE
M,15,U,GT3,T,4,2,health,services,1,0,no,no,yes,yes,yes,1,FALSE
M,16,U,LE3,A,3,4,services,other,1,0,yes,yes,yes,yes,yes,5,FALSE
M,16,U,GT3,T,4,4,teacher,teacher,1,0,no,yes,yes,yes,yes,5,FALSE
M,15,U,GT3,T,4,4,health,services,1,0,no,yes,no,yes,yes,5,FALSE
M,15,U,GT3,T,4,4,services,services,2,0,no,yes,yes,yes,yes,5,FALSE
M,15,R,GT3,T,4,3,teacher,at_home,1,0,no,yes,yes,yes,yes,5,FALSE
M,15,U,LE3,T,3,3,other,other,1,0,no,no,no,yes,yes,2,FALSE
M,16,U,GT3,T,3,2,other,other,1,0,no,yes,no,yes,yes,5,FALSE
F,15,U,GT3,T,2,3,other,other,2,0,no,yes,yes,yes,no,5,FALSE
M,15,U,LE3,T,4,3,teacher,services,1,0,no,yes,yes,yes,yes,4,FALSE
M,16,R,GT3,A,4,4,other,teacher,2,0,no,yes,yes,yes,yes,5,FALSE
F,15,R,GT3,T,3,4,services,health,1,0,yes,yes,yes,yes,yes,5,FALSE
F,15,R,GT3,T,2,2,at_home,other,1,0,yes,yes,yes,yes,no,2,FALSE
F,16,U,LE3,T,2,2,other,other,2,0,no,yes,no,yes,yes,3,FALSE
M,15,U,LE3,T,4,4,teacher,other,1,0,no,yes,no,yes,yes,5,FALSE
M,15,U,GT3,T,4,4,services,teacher,1,0,no,yes,yes,yes,yes,5,FALSE
M,15,U,GT3,T,2,2,services,services,1,0,yes,yes,yes,yes,yes,1,FALSE
F,16,U,LE3,T,2,2,other,at_home,2,1,yes,no,yes,yes,yes,5,FALSE
F,15,U,LE3,A,4,3,other,other,1,0,yes,yes,yes,yes,yes,5,FALSE
F,16,U,LE3,A,3,3,other,services,1,0,no,yes,yes,yes,yes,3,FALSE
M,16,U,GT3,T,4,3,health,services,1,0,no,no,yes,yes,yes,2,FALSE
M,15,U,GT3,T,4,2,teacher,other,1,0,no,yes,yes,yes,no,5,FALSE
F,15,U,GT3,T,4,4,services,teacher,1,0,yes,yes,no,yes,yes,3,FALSE
F,16,U,LE3,T,2,2,services,services,3,0,no,yes,yes,yes,yes,4,FALSE
F,15,U,LE3,T,4,2,health,other,1,0,no,yes,yes,yes,yes,5,FALSE
M,15,U,LE3,A,4,2,health,health,2,0,no,no,yes,yes,no,5,TRUE
F,15,U,GT3,T,4,4,services,services,1,0,yes,yes,yes,yes,yes,5,FALSE
F,15,U,LE3,A,3,3,other,other,1,0,no,no,yes,yes,yes,1,FALSE
F,16,U,GT3,A,2,1,other,other,1,0,no,no,yes,yes,yes,2,FALSE
F,15,U,GT3,A,4,3,services,services,1,0,no,yes,yes,yes,yes,1,FALSE
M,15,U,GT3,T,4,4,teacher,health,1,0,no,yes,yes,yes,no,5,FALSE
M,15,U,LE3,T,1,2,other,at_home,1,0,yes,yes,yes,yes,yes,5,FALSE
F,16,U,GT3,T,4,2,services,other,1,0,no,yes,yes,yes,yes,5,FALSE
F,16,R,GT3,T,4,4,health,teacher,1,0,no,yes,yes,yes,no,4,FALSE
F,16,U,GT3,T,1,1,services,services,4,0,yes,yes,no,yes,yes,5,FALSE
F,16,U,LE3,T,1,2,other,services,1,0,yes,no,yes,yes,yes,1,FALSE
F,16,U,GT3,T,4,3,teacher,health,1,0,yes,yes,yes,yes,yes,4,FALSE
F,15,U,LE3,T,4,3,services,services,1,0,yes,no,yes,yes,yes,2,FALSE
F,16,U,LE3,T,4,3,teacher,services,3,0,no,yes,yes,yes,yes,1,FALSE
M,15,U,GT3,A,4,4,other,services,1,0,no,yes,no,yes,yes,3,FALSE
F,16,U,GT3,T,3,1,services,other,1,0,yes,yes,yes,yes,yes,5,FALSE
F,15,R,LE3,T,2,2,health,services,2,0,yes,yes,yes,yes,yes,4,FALSE
F,15,R,LE3,T,3,1,other,other,2,0,no,yes,no,yes,yes,3,FALSE
M,16,U,GT3,T,3,1,other,other,2,0,no,yes,yes,yes,yes,5,FALSE
M,15,U,GT3,T,4,2,other,other,1,0,no,no,yes,yes,yes,3,FALSE
F,15,R,GT3,T,1,1,other,other,1,0,yes,yes,no,yes,yes,5,FALSE
M,16,U,GT3,T,3,1,other,other,1,0,no,no,yes,yes,no,5,FALSE
F,16,U,GT3,T,3,3,other,services,1,0,yes,yes,yes,yes,yes,5,FALSE
M,15,U,GT3,T,4,3,teacher,other,1,0,no,yes,yes,yes,yes,5,FALSE
M,15,U,GT3,T,4,0,teacher,other,2,0,no,no,yes,yes,yes,1,FALSE
F,16,U,GT3,T,2,2,other,other,1,0,no,no,yes,yes,yes,3,FALSE
M,17,U,GT3,T,2,1,other,other,2,3,yes,yes,yes,no,yes,3,FALSE
F,16,U,GT3,T,3,4,at_home,other,1,0,no,yes,yes,yes,yes,3,FALSE
M,15,U,GT3,T,2,3,other,services,1,0,yes,yes,no,yes,yes,3,FALSE
M,15,U,GT3,T,2,3,other,other,1,0,yes,no,no,yes,yes,5,TRUE
F,15,U,LE3,T,3,2,services,other,1,0,no,yes,yes,yes,yes,5,FALSE
M,15,U,LE3,T,2,2,services,services,2,0,no,no,yes,yes,yes,4,FALSE
F,15,U,GT3,T,1,1,other,other,1,0,no,yes,no,yes,yes,4,FALSE
F,15,U,GT3,T,4,4,services,services,2,0,no,no,yes,yes,yes,5,FALSE
F,16,U,LE3,T,2,2,at_home,other,1,0,no,yes,yes,yes,no,2,FALSE
F,15,U,GT3,T,4,2,other,other,1,0,no,yes,yes,yes,yes,1,FALSE
M,16,U,GT3,T,2,2,services,other,2,0,no,no,no,yes,yes,3,FALSE
M,16,U,LE3,A,4,4,teacher,health,1,0,no,yes,yes,yes,no,5,FALSE
F,16,U,GT3,T,3,3,other,other,1,0,no,yes,yes,yes,yes,4,FALSE
F,15,U,GT3,T,4,3,services,other,1,0,no,no,yes,yes,yes,1,FALSE
F,16,U,LE3,T,3,1,other,other,1,0,yes,yes,yes,yes,no,2,FALSE
F,16,U,GT3,T,4,2,teacher,services,2,0,no,yes,yes,yes,yes,1,FALSE
M,15,U,LE3,T,2,2,services,health,1,0,no,yes,yes,yes,yes,4,FALSE
F,15,R,GT3,T,1,1,at_home,other,2,0,yes,yes,yes,yes,yes,1,FALSE
M,16,R,GT3,T,4,3,services,other,2,0,yes,yes,no,yes,yes,4,FALSE
F,16,U,GT3,T,2,1,other,other,1,0,no,yes,yes,yes,no,5,FALSE
F,16,U,GT3,T,4,4,other,other,1,0,no,no,no,yes,yes,1,FALSE
F,16,U,GT3,T,4,3,other,at_home,1,0,yes,yes,yes,yes,yes,3,FALSE
M,16,U,GT3,T,4,4,services,services,1,0,yes,yes,yes,yes,yes,4,TRUE
M,16,U,GT3,T,4,4,services,teacher,1,0,no,yes,yes,yes,yes,4,FALSE
M,15,U,GT3,T,4,4,services,other,1,0,no,yes,no,yes,yes,5,FALSE
F,15,U,GT3,T,3,2,services,other,2,0,yes,yes,yes,yes,yes,2,FALSE
M,15,U,GT3,A,3,4,services,other,1,0,no,yes,yes,yes,yes,1,FALSE
F,15,U,GT3,A,3,3,other,health,1,0,yes,no,yes,yes,no,4,FALSE
F,15,U,GT3,T,2,2,other,other,1,0,yes,yes,yes,yes,yes,3,FALSE
M,16,U,GT3,T,3,3,services,other,1,0,no,yes,yes,yes,yes,5,FALSE
M,15,R,GT3,T,4,4,other,other,4,0,no,yes,yes,yes,yes,1,FALSE
F,16,U,LE3,T,4,4,health,health,1,0,no,yes,yes,yes,yes,4,FALSE
M,15,U,LE3,A,4,4,teacher,teacher,1,0,no,no,yes,yes,yes,4,FALSE
F,16,R,GT3,T,3,3,services,other,1,0,yes,yes,yes,yes,yes,2,FALSE
F,16,U,GT3,T,2,2,at_home,other,1,1,yes,no,yes,yes,yes,5,FALSE
M,15,U,LE3,T,4,2,teacher,other,1,0,no,no,yes,yes,yes,3,FALSE
M,15,R,GT3,T,2,1,health,services,1,0,no,no,yes,yes,yes,5,FALSE
M,16,U,GT3,T,4,4,teacher,teacher,1,0,no,yes,yes,yes,yes,5,FALSE
M,15,U,GT3,T,4,4,other,teacher,2,0,no,yes,yes,yes,no,2,FALSE
M,16,U,GT3,T,3,3,other,services,2,0,no,no,yes,yes,yes,5,FALSE
M,17,R,GT3,T,1,3,other,other,3,1,no,yes,yes,yes,yes,5,FALSE
M,15,U,GT3,T,3,4,other,other,1,0,no,no,yes,yes,yes,4,FALSE
F,15,U,GT3,T,1,2,at_home,services,1,0,no,no,no,yes,yes,1,FALSE
M,15,U,GT3,T,2,2,services,services,1,0,no,yes,yes,yes,yes,5,FALSE
F,16,U,LE3,T,2,4,other,health,2,0,no,yes,yes,yes,yes,5,FALSE
M,16,U,GT3,T,4,4,health,other,1,0,no,yes,yes,yes,yes,5,FALSE
F,16,U,GT3,T,2,2,other,other,1,0,no,no,yes,yes,yes,5,FALSE
M,15,U,GT3,T,3,4,services,services,1,0,yes,no,yes,yes,yes,5,TRUE
F,15,U,LE3,A,3,4,other,other,1,0,yes,no,yes,yes,yes,1,FALSE
F,19,U,GT3,T,0,1,at_home,other,1,2,no,yes,no,no,no,5,FALSE
M,16,R,GT3,T,4,4,teacher,teacher,1,0,no,no,yes,yes,yes,4,FALSE
M,16,U,GT3,T,2,3,other,other,2,0,no,yes,no,yes,yes,1,FALSE
F,15,R,GT3,T,3,4,services,teacher,2,0,no,yes,yes,yes,yes,5,FALSE
F,18,U,GT3,T,2,1,services,other,1,3,no,yes,yes,no,yes,5,TRUE
F,17,U,LE3,A,2,1,other,other,3,0,no,yes,yes,yes,yes,5,FALSE
F,15,U,GT3,T,1,1,at_home,other,3,0,no,yes,no,yes,yes,4,FALSE
F,17,U,LE3,T,2,2,other,other,1,0,no,yes,yes,yes,yes,5,FALSE
F,16,U,GT3,A,3,4,services,other,1,0,no,no,yes,yes,yes,5,FALSE
M,16,U,GT3,T,2,1,at_home,other,4,0,no,no,yes,yes,no,2,FALSE
F,16,U,GT3,A,2,2,other,other,1,1,no,no,yes,yes,no,5,FALSE
M,15,R,GT3,T,3,4,at_home,teacher,4,0,no,yes,yes,yes,no,5,FALSE
F,15,U,GT3,T,4,4,services,at_home,1,0,no,yes,yes,yes,yes,5,FALSE
M,17,R,GT3,T,3,4,at_home,other,3,0,no,no,yes,yes,no,5,FALSE
F,16,R,GT3,T,1,1,at_home,other,4,0,no,yes,yes,yes,no,3,FALSE
M,18,U,LE3,T,3,1,services,services,2,0,no,no,yes,yes,yes,4,FALSE
F,18,U,GT3,A,3,2,other,services,1,0,no,yes,no,yes,yes,5,FALSE
F,16,R,GT3,T,1,1,other,services,2,0,no,yes,yes,yes,no,1,FALSE
F,16,U,GT3,A,3,3,other,other,2,0,no,yes,no,yes,yes,5,FALSE
M,16,U,LE3,T,1,1,services,other,1,2,no,no,yes,yes,no,5,FALSE
F,15,U,GT3,T,4,4,teacher,teacher,2,0,no,no,yes,yes,yes,5,FALSE
F,15,R,GT3,T,1,1,other,other,3,1,no,no,yes,yes,yes,1,TRUE
M,15,U,GT3,T,4,3,teacher,services,2,0,yes,yes,yes,yes,yes,3,FALSE
F,15,U,GT3,A,3,3,services,services,1,0,no,no,no,yes,no,1,TRUE
M,16,U,GT3,T,4,4,services,services,1,0,no,yes,yes,yes,yes,5,FALSE
M,16,U,LE3,T,2,2,services,services,2,0,no,yes,yes,yes,yes,2,FALSE
F,15,U,GT3,T,4,4,teacher,services,1,0,no,yes,yes,yes,yes,5,FALSE
F,16,U,LE3,T,1,1,at_home,at_home,1,0,no,no,yes,yes,yes,1,FALSE
M,17,U,GT3,T,2,1,other,other,1,0,no,yes,yes,yes,yes,5,TRUE
F,15,U,GT3,T,1,1,other,services,1,0,no,yes,yes,yes,yes,5,FALSE
F,15,U,LE3,A,2,1,at_home,other,2,0,no,yes,yes,no,yes,5,FALSE
F,15,U,GT3,T,3,2,health,services,1,1,no,yes,yes,yes,yes,3,FALSE
F,15,U,GT3,T,1,2,at_home,other,1,0,no,yes,no,yes,yes,5,FALSE
F,15,U,GT3,T,1,2,at_home,services,1,0,no,no,no,yes,no,1,FALSE
M,16,U,GT3,T,4,4,teacher,teacher,1,0,no,yes,yes,no,yes,5,TRUE
M,15,U,LE3,A,2,1,services,other,4,0,no,no,yes,yes,yes,5,FALSE
M,18,U,LE3,T,1,1,other,other,1,2,no,no,yes,no,yes,4,TRUE
M,16,U,LE3,T,2,1,at_home,other,1,1,no,no,yes,yes,no,5,FALSE
F,15,R,GT3,T,3,3,services,services,2,0,no,yes,yes,yes,yes,3,FALSE
M,19,U,GT3,T,3,2,services,at_home,1,0,no,yes,yes,no,yes,4,FALSE
F,17,U,GT3,T,4,4,other,teacher,1,0,yes,yes,yes,yes,no,4,FALSE
M,15,R,GT3,T,2,3,at_home,services,1,0,yes,no,yes,yes,no,1,TRUE
M,17,R,LE3,T,1,2,other,other,1,3,no,no,yes,yes,no,5,FALSE
F,18,R,GT3,T,1,1,at_home,other,3,3,no,yes,no,yes,no,4,FALSE
M,16,R,GT3,T,2,2,at_home,other,3,0,no,no,no,yes,no,3,FALSE
M,16,U,GT3,T,3,3,other,services,1,1,no,yes,yes,yes,yes,5,TRUE
M,16,U,LE3,T,1,2,health,services,2,2,no,no,no,yes,yes,5,FALSE
M,17,R,LE3,T,2,1,at_home,other,2,1,no,no,yes,no,yes,5,TRUE
M,17,R,GT3,T,3,2,other,other,2,2,yes,yes,yes,yes,yes,3,TRUE
M,15,U,LE3,T,1,2,other,other,2,0,no,no,yes,yes,no,5,FALSE
M,16,U,GT3,T,1,3,at_home,services,1,1,no,no,yes,no,yes,2,TRUE
M,17,R,LE3,T,1,1,other,services,4,0,no,no,yes,no,no,5,TRUE
M,17,U,GT3,T,3,2,services,services,2,3,no,yes,no,no,no,2,TRUE
M,16,U,GT3,T,2,2,other,other,1,0,no,no,yes,no,yes,4,FALSE
F,16,U,GT3,T,4,2,health,services,1,0,no,no,yes,yes,yes,3,FALSE
F,16,U,GT3,T,2,2,other,other,1,0,no,yes,no,yes,yes,4,FALSE
F,16,U,GT3,T,4,4,health,health,1,0,no,yes,yes,yes,yes,3,FALSE
M,16,U,GT3,T,3,4,other,other,3,1,no,yes,no,yes,yes,2,FALSE
M,16,U,GT3,T,1,0,other,other,2,0,no,yes,yes,yes,yes,3,FALSE
M,17,U,LE3,T,4,4,teacher,other,1,0,no,yes,yes,yes,yes,5,FALSE
F,16,U,GT3,T,1,3,at_home,services,1,0,no,no,no,yes,yes,3,FALSE
F,16,U,LE3,T,3,3,other,other,2,0,no,yes,yes,yes,yes,4,FALSE
M,17,U,LE3,T,4,3,teacher,other,2,0,no,no,yes,yes,yes,4,FALSE
F,16,U,GT3,T,2,2,services,other,2,0,no,no,no,yes,yes,5,FALSE
M,17,U,GT3,T,3,3,other,other,1,0,no,no,no,yes,yes,4,FALSE
M,16,R,GT3,T,4,2,teacher,services,1,0,no,yes,yes,yes,yes,3,FALSE
M,17,U,GT3,T,4,3,other,other,1,0,no,yes,yes,yes,yes,2,FALSE
M,16,U,GT3,T,4,3,teacher,other,1,0,no,yes,yes,yes,yes,3,FALSE
M,16,U,GT3,T,3,3,services,other,1,0,no,no,yes,yes,yes,3,FALSE
F,17,U,GT3,T,2,4,services,services,1,0,no,yes,yes,yes,no,5,FALSE
F,17,U,LE3,T,3,3,other,other,1,0,no,yes,yes,yes,yes,1,FALSE
F,16,U,GT3,T,3,2,other,other,1,0,no,yes,yes,yes,yes,1,FALSE
M,17,U,GT3,T,3,3,services,services,1,0,no,yes,yes,yes,yes,4,FALSE
M,16,U,GT3,T,1,2,services,services,1,0,no,yes,yes,yes,yes,3,FALSE
M,16,U,LE3,T,2,1,other,other,1,0,no,no,yes,yes,yes,5,FALSE
F,17,U,GT3,A,3,3,health,other,1,0,no,yes,no,yes,yes,3,FALSE
M,17,R,GT3,T,1,2,at_home,other,1,0,no,no,yes,yes,no,3,FALSE
F,16,U,GT3,T,2,3,services,services,1,0,no,no,yes,yes,yes,2,FALSE
F,17,U,GT3,T,1,1,at_home,services,1,0,no,no,yes,yes,yes,3,FALSE
M,17,U,GT3,T,1,2,at_home,services,2,0,no,no,no,yes,yes,5,FALSE
M,16,R,GT3,T,3,3,services,services,1,0,no,yes,yes,yes,yes,5,FALSE
M,16,U,GT3,T,2,3,other,other,2,0,no,no,yes,yes,yes,3,FALSE
F,17,U,LE3,T,2,4,services,services,1,0,no,no,yes,yes,yes,5,FALSE
M,17,U,GT3,T,4,4,services,teacher,1,0,no,no,yes,yes,yes,5,FALSE
M,16,R,LE3,T,3,3,teacher,other,3,0,no,yes,yes,yes,yes,3,FALSE
F,17,U,GT3,T,4,4,services,teacher,2,1,no,yes,yes,yes,yes,2,FALSE
F,16,U,LE3,T,4,4,teacher,teacher,1,0,no,yes,yes,yes,yes,3,FALSE
F,16,U,GT3,T,4,3,health,other,1,0,no,yes,yes,yes,yes,2,FALSE
F,16,U,GT3,T,2,3,other,other,1,0,yes,yes,yes,yes,no,4,FALSE
F,17,U,GT3,T,1,1,other,other,1,0,no,yes,no,yes,no,1,FALSE
F,17,R,GT3,T,2,2,other,other,1,0,no,yes,yes,yes,yes,3,FALSE
F,16,R,GT3,T,2,2,services,services,2,0,no,yes,no,yes,yes,5,FALSE
F,17,U,GT3,T,3,4,at_home,services,1,1,no,yes,yes,yes,yes,5,TRUE
F,16,U,GT3,A,3,1,services,other,1,0,no,yes,yes,yes,yes,4,FALSE
F,16,U,GT3,T,4,3,teacher,other,1,0,no,no,yes,yes,yes,1,FALSE
F,16,U,GT3,T,1,1,at_home,other,2,0,no,yes,yes,yes,no,5,FALSE
F,17,R,GT3,T,4,3,teacher,other,2,0,no,yes,yes,yes,yes,4,FALSE
F,19,U,GT3,T,3,3,other,other,1,0,no,yes,yes,yes,yes,3,FALSE
M,17,U,LE3,T,4,4,services,other,1,0,no,yes,yes,yes,yes,3,FALSE
F,16,U,GT3,A,2,2,other,other,1,0,yes,yes,yes,yes,yes,4,FALSE
M,18,U,GT3,T,2,2,services,other,1,0,no,yes,yes,yes,yes,5,FALSE
F,17,R,LE3,T,4,4,services,other,1,0,no,yes,yes,yes,no,3,FALSE
F,17,U,LE3,T,3,2,other,other,2,0,no,no,yes,yes,yes,1,FALSE
F,17,U,GT3,T,4,3,other,other,1,0,no,no,yes,yes,yes,1,FALSE
M,18,U,LE3,T,3,3,services,health,1,0,no,yes,yes,yes,yes,4,FALSE
F,17,U,GT3,T,2,3,at_home,other,2,0,no,yes,yes,yes,no,3,FALSE
F,17,U,GT3,T,2,2,at_home,at_home,1,0,no,yes,yes,yes,yes,4,FALSE
F,17,R,GT3,T,2,1,at_home,services,2,0,no,yes,yes,yes,yes,5,FALSE
F,17,U,GT3,T,1,1,at_home,other,1,0,no,yes,yes,yes,no,5,FALSE
F,16,U,GT3,T,2,3,services,teacher,1,0,yes,no,yes,yes,yes,3,FALSE
M,18,U,GT3,T,2,2,other,other,2,3,no,yes,yes,yes,yes,4,FALSE
F,16,U,GT3,T,4,4,teacher,services,1,0,no,yes,no,yes,yes,5,FALSE
F,18,R,GT3,T,3,1,other,other,1,0,no,no,yes,yes,yes,4,TRUE
F,17,U,GT3,T,3,2,other,other,1,0,no,no,no,yes,yes,3,FALSE
M,17,U,LE3,T,2,3,services,services,1,0,no,yes,no,yes,yes,3,FALSE
M,18,U,LE3,T,2,1,at_home,other,4,0,yes,yes,yes,yes,yes,3,FALSE
F,17,U,GT3,A,2,1,other,other,2,0,no,no,yes,yes,yes,3,FALSE
F,17,U,LE3,T,4,3,health,other,1,0,no,no,yes,yes,yes,3,FALSE
M,17,R,GT3,T,2,2,other,other,2,0,no,yes,yes,yes,yes,1,FALSE
M,17,U,GT3,T,4,4,teacher,teacher,1,0,yes,yes,yes,yes,yes,2,FALSE
M,16,U,GT3,T,4,4,health,other,1,0,no,yes,yes,yes,yes,1,FALSE
M,16,U,LE3,T,1,1,other,other,2,0,no,yes,yes,yes,yes,5,TRUE
M,16,U,GT3,T,3,2,at_home,other,2,0,no,no,yes,yes,yes,2,FALSE
M,17,U,LE3,T,2,2,other,other,1,0,no,no,no,yes,yes,4,FALSE
F,16,U,GT3,T,2,1,other,other,1,0,no,no,yes,yes,yes,5,FALSE
F,16,U,GT3,A,4,1,other,other,1,0,no,no,yes,yes,yes,5,FALSE
F,18,U,LE3,A,2,4,services,other,2,1,no,yes,yes,yes,yes,3,FALSE
F,18,U,LE3,T,2,2,at_home,services,1,1,no,yes,no,yes,yes,5,FALSE
F,18,U,GT3,T,3,3,other,other,2,1,no,no,yes,no,yes,3,TRUE
M,18,U,GT3,T,2,2,other,at_home,1,1,no,yes,no,no,yes,1,TRUE
M,17,U,GT3,T,4,4,teacher,teacher,1,0,no,yes,no,yes,yes,5,TRUE
F,17,U,GT3,T,3,2,other,other,1,0,no,no,yes,yes,no,3,FALSE
F,17,U,LE3,T,1,1,at_home,at_home,1,0,no,yes,yes,yes,yes,4,FALSE
F,16,U,GT3,T,1,2,other,other,1,0,no,no,yes,no,yes,5,FALSE
F,17,R,GT3,T,2,1,at_home,services,3,0,no,no,yes,yes,no,3,FALSE
F,17,R,LE3,A,1,4,other,other,4,1,no,yes,yes,yes,yes,5,TRUE
M,18,U,GT3,T,2,2,other,services,1,0,no,no,yes,no,yes,2,TRUE
F,17,U,LE3,A,2,2,other,other,1,1,no,yes,no,no,yes,1,FALSE
F,17,R,LE3,T,1,1,at_home,other,2,0,no,no,yes,yes,yes,5,FALSE
F,17,U,LE3,A,4,2,teacher,other,1,0,no,yes,yes,yes,no,4,FALSE
M,17,U,LE3,T,4,3,health,other,2,0,no,no,yes,yes,yes,5,FALSE
M,17,R,LE3,A,4,4,teacher,other,2,0,no,yes,yes,yes,yes,4,FALSE
M,16,U,LE3,T,4,3,teacher,other,1,0,no,no,no,yes,yes,3,FALSE
M,16,U,GT3,T,4,4,services,services,1,0,no,no,yes,yes,yes,5,FALSE
F,17,U,GT3,T,4,4,teacher,services,1,0,no,yes,yes,yes,yes,5,FALSE
M,17,R,GT3,T,1,1,other,other,2,0,no,no,no,yes,yes,1,FALSE
F,17,U,GT3,T,3,3,services,other,2,0,no,yes,yes,yes,yes,5,FALSE
F,17,U,GT3,T,1,1,at_home,other,1,0,yes,no,no,yes,no,4,FALSE
F,18,U,GT3,T,2,1,other,other,2,0,no,yes,no,yes,yes,3,FALSE
M,16,U,GT3,T,2,1,other,other,3,0,no,no,yes,yes,yes,4,FALSE
F,17,U,GT3,T,1,1,other,services,1,0,no,yes,yes,yes,no,5,FALSE
M,17,U,GT3,T,2,3,other,other,2,0,no,no,yes,yes,yes,2,FALSE
M,22,U,GT3,T,3,1,services,services,1,3,no,no,no,no,yes,1,TRUE
M,18,R,LE3,T,3,3,other,services,1,0,no,yes,yes,yes,yes,5,FALSE
M,16,U,GT3,T,0,2,other,other,1,0,no,no,no,yes,yes,5,FALSE
M,18,U,GT3,T,3,2,services,other,2,0,no,no,yes,no,yes,5,TRUE
M,16,U,GT3,T,3,3,at_home,other,3,1,yes,yes,no,yes,yes,2,FALSE
M,18,U,GT3,T,2,1,services,services,1,2,no,no,no,no,yes,5,TRUE
M,16,R,GT3,T,2,1,other,other,2,0,no,no,no,yes,no,3,FALSE
M,17,R,GT3,T,2,1,other,other,1,0,no,no,no,yes,yes,5,FALSE
M,17,U,LE3,T,1,1,health,other,2,1,no,yes,yes,yes,yes,5,FALSE
F,18,U,LE3,A,2,1,other,other,1,0,no,yes,no,yes,yes,5,FALSE
F,17,U,LE3,T,4,2,teacher,services,1,0,no,yes,yes,yes,yes,4,FALSE
F,19,U,GT3,T,2,2,services,services,1,0,no,yes,yes,yes,yes,5,FALSE
M,18,U,LE3,T,2,1,services,other,3,1,no,no,no,no,yes,5,FALSE
F,17,R,GT3,T,4,2,other,other,1,0,no,yes,yes,yes,yes,5,FALSE
F,18,U,LE3,T,1,1,other,at_home,1,0,no,yes,no,yes,no,3,FALSE
F,18,R,GT3,T,2,2,other,other,1,0,yes,no,yes,yes,no,5,FALSE
M,19,U,LE3,A,4,3,services,at_home,1,0,no,yes,yes,yes,yes,1,FALSE
M,18,U,GT3,T,2,1,other,other,1,0,no,no,yes,yes,yes,4,FALSE
M,17,R,GT3,T,2,2,other,services,2,0,no,no,no,no,no,4,FALSE
F,17,U,LE3,T,2,2,services,services,1,0,no,no,yes,yes,yes,2,FALSE
F,20,R,GT3,T,2,1,other,other,2,0,no,yes,yes,no,yes,2,FALSE
F,18,U,GT3,T,4,3,services,other,1,0,no,yes,yes,yes,yes,2,FALSE
M,18,U,GT3,T,4,3,teacher,other,1,0,no,yes,no,yes,yes,3,FALSE
M,18,R,GT3,T,3,2,other,other,1,0,no,no,no,yes,no,3,FALSE
F,17,U,GT3,T,3,3,other,other,1,0,no,no,no,yes,no,4,FALSE
F,18,U,GT3,T,2,2,at_home,services,1,0,no,yes,yes,yes,yes,3,FALSE
M,17,U,GT3,T,2,2,other,other,2,0,no,no,yes,no,yes,4,TRUE
M,18,R,LE3,A,3,4,other,other,2,0,no,yes,yes,yes,yes,1,FALSE
M,17,U,GT3,T,3,1,services,other,1,0,no,no,yes,yes,yes,5,FALSE
F,18,R,GT3,T,4,4,teacher,other,2,0,no,no,yes,yes,yes,4,FALSE
M,18,U,GT3,T,4,2,health,other,1,0,no,yes,yes,yes,yes,5,FALSE
F,18,R,GT3,T,2,1,other,other,2,0,no,yes,yes,no,yes,3,FALSE
F,19,U,GT3,T,3,3,other,services,1,0,no,yes,yes,yes,yes,5,FALSE
F,18,U,GT3,T,2,3,other,services,1,0,no,yes,yes,yes,yes,2,FALSE
F,18,U,LE3,T,1,1,other,other,2,0,no,yes,no,yes,no,3,FALSE
M,17,R,GT3,T,1,2,at_home,at_home,1,0,no,yes,no,yes,no,1,FALSE
F,18,U,GT3,T,2,1,other,other,1,0,no,yes,yes,yes,yes,1,FALSE
F,17,U,GT3,T,2,4,at_home,health,2,0,no,yes,yes,yes,yes,1,FALSE
F,17,U,LE3,T,2,2,services,other,2,0,yes,yes,yes,yes,yes,5,FALSE
F,18,R,GT3,A,3,2,other,services,2,0,no,no,no,no,yes,5,FALSE
M,18,U,GT3,T,4,4,teacher,services,2,0,no,no,yes,yes,yes,3,FALSE
F,18,U,GT3,T,4,4,health,health,1,1,yes,yes,yes,yes,yes,4,FALSE
F,17,U,GT3,T,2,2,other,services,3,0,no,yes,yes,yes,yes,1,FALSE
F,19,R,GT3,T,3,2,services,services,1,1,yes,yes,yes,no,yes,3,FALSE
M,18,U,LE3,T,4,3,teacher,services,2,0,no,no,yes,yes,yes,1,FALSE
M,18,U,GT3,T,1,2,at_home,other,2,0,no,no,no,no,yes,4,FALSE
M,17,U,LE3,A,4,1,services,other,2,0,no,no,yes,yes,yes,5,FALSE
M,17,U,LE3,A,3,2,teacher,services,1,0,no,no,yes,yes,yes,3,FALSE
F,18,R,LE3,T,1,1,at_home,other,2,0,no,yes,yes,yes,no,3,FALSE
F,18,U,GT3,T,1,1,other,other,2,0,yes,no,yes,yes,yes,4,FALSE
F,17,U,GT3,T,2,2,other,other,1,0,no,yes,no,yes,yes,5,FALSE
F,18,U,GT3,T,2,1,other,other,2,0,no,no,yes,yes,yes,5,FALSE
M,17,U,GT3,T,1,1,other,other,1,0,no,no,no,yes,yes,4,FALSE
F,18,U,GT3,T,2,2,at_home,at_home,1,0,no,yes,yes,yes,yes,2,FALSE
F,17,U,GT3,T,1,1,services,teacher,1,0,no,yes,yes,yes,yes,3,FALSE
M,18,U,GT3,T,2,1,services,services,1,0,no,no,yes,yes,yes,2,FALSE
M,18,U,LE3,A,4,4,teacher,teacher,1,0,no,yes,yes,yes,yes,2,FALSE
M,18,U,GT3,T,4,2,teacher,other,1,0,no,yes,yes,yes,yes,5,FALSE
F,17,U,GT3,T,4,3,health,services,1,0,no,yes,yes,yes,yes,3,FALSE
F,17,R,LE3,T,3,1,services,other,2,0,no,yes,yes,yes,no,3,FALSE
M,18,R,LE3,T,3,2,services,other,2,0,no,yes,yes,yes,yes,4,FALSE
M,17,U,GT3,T,3,3,health,other,1,0,no,yes,yes,yes,yes,5,FALSE
F,19,U,GT3,T,4,4,health,other,2,0,no,yes,yes,yes,yes,2,FALSE
F,18,U,LE3,T,4,3,other,other,2,0,no,yes,yes,yes,yes,2,FALSE
F,18,U,GT3,T,4,3,other,other,1,0,no,yes,yes,yes,yes,3,FALSE
M,18,U,LE3,T,4,4,teacher,teacher,1,0,no,yes,yes,yes,yes,1,FALSE
F,18,U,LE3,A,4,4,health,other,1,0,no,yes,yes,yes,yes,4,FALSE
M,17,U,LE3,T,4,4,other,teacher,2,0,no,no,yes,yes,yes,5,FALSE
F,17,R,GT3,T,4,4,services,services,2,0,no,yes,yes,yes,yes,5,TRUE
F,17,U,GT3,T,4,2,other,other,2,0,no,yes,yes,yes,yes,3,FALSE
F,17,U,GT3,T,3,2,health,health,1,0,no,yes,no,yes,yes,5,FALSE
M,19,R,LE3,T,2,1,at_home,services,2,1,no,no,yes,yes,yes,5,FALSE
M,20,U,GT3,A,3,2,services,other,1,2,no,no,yes,yes,no,5,FALSE
M,19,R,GT3,T,3,3,other,services,1,0,no,no,yes,yes,no,5,FALSE
F,18,U,GT3,T,1,4,other,teacher,1,0,yes,yes,no,yes,no,5,FALSE
F,18,U,GT3,T,2,1,services,other,2,0,no,yes,yes,yes,yes,1,FALSE
F,17,U,GT3,T,2,3,other,other,2,0,no,no,yes,yes,yes,3,FALSE
F,17,R,GT3,T,4,4,teacher,teacher,1,0,no,no,yes,yes,yes,5,FALSE
F,18,U,GT3,T,4,3,other,other,1,0,no,yes,yes,yes,yes,5,FALSE
F,18,U,LE3,T,4,3,health,services,2,0,no,yes,yes,yes,yes,1,FALSE
F,17,R,GT3,T,3,4,at_home,services,1,0,no,yes,no,yes,yes,5,FALSE
F,18,U,GT3,T,3,3,at_home,other,1,0,no,yes,yes,yes,yes,3,FALSE
M,19,U,GT3,T,4,2,health,other,2,0,no,yes,yes,yes,yes,1,FALSE
F,18,U,GT3,T,4,4,teacher,other,1,0,no,yes,yes,yes,yes,5,FALSE
F,18,U,GT3,T,3,4,other,other,1,0,no,yes,yes,yes,yes,1,FALSE
F,17,U,GT3,T,4,4,health,health,1,0,no,no,yes,yes,yes,5,FALSE
F,17,U,GT3,A,4,3,services,services,1,0,no,yes,yes,yes,yes,5,FALSE
F,17,U,LE3,A,3,3,services,other,1,0,yes,yes,yes,yes,yes,5,FALSE
F,17,U,LE3,T,2,1,other,other,1,0,no,no,yes,yes,yes,2,FALSE
M,18,U,LE3,T,4,4,other,other,1,0,no,yes,yes,yes,yes,5,FALSE
F,19,U,GT3,T,1,1,other,other,3,0,no,no,yes,no,no,5,FALSE
F,19,U,LE3,A,1,1,other,other,3,2,no,yes,no,yes,yes,4,TRUE
F,18,U,GT3,T,2,2,other,other,1,0,no,yes,yes,yes,yes,5,FALSE
F,17,U,GT3,T,2,2,other,other,1,0,no,yes,yes,yes,no,3,FALSE
F,17,R,LE3,T,2,2,services,services,1,0,no,yes,yes,yes,yes,3,FALSE
F,17,U,GT3,T,3,1,services,services,1,0,no,yes,no,yes,yes,5,FALSE
F,17,U,LE3,T,0,2,at_home,at_home,2,0,no,no,yes,yes,yes,2,FALSE
F,18,U,GT3,T,1,1,other,other,2,0,no,no,yes,yes,yes,2,FALSE
M,18,U,GT3,T,4,4,other,other,1,0,no,no,yes,yes,yes,3,FALSE
M,17,U,GT3,T,3,3,other,services,1,0,no,no,no,yes,yes,5,FALSE
M,17,R,GT3,T,2,2,services,other,4,0,no,yes,yes,yes,yes,4,FALSE
F,17,U,GT3,T,4,4,teacher,services,1,0,no,yes,yes,yes,yes,4,FALSE
F,17,U,GT3,T,4,4,teacher,teacher,2,0,no,yes,no,yes,yes,4,FALSE
F,17,U,GT3,T,3,3,at_home,other,1,0,no,yes,yes,yes,yes,5,FALSE
M,18,U,LE3,T,2,2,other,other,1,0,no,yes,yes,yes,yes,5,FALSE
M,19,R,GT3,T,3,2,at_home,services,1,0,no,yes,no,yes,no,5,FALSE
F,18,U,GT3,T,2,2,at_home,other,4,0,no,no,yes,yes,no,2,FALSE
F,17,R,GT3,T,2,4,at_home,other,1,0,no,yes,yes,yes,yes,5,FALSE
M,18,U,GT3,T,2,2,other,other,1,0,no,no,no,yes,yes,5,FALSE
F,18,U,GT3,T,3,3,services,services,1,0,no,no,yes,yes,yes,4,FALSE
F,18,U,LE3,T,2,2,other,other,1,0,no,no,no,yes,yes,2,FALSE
F,18,R,GT3,T,2,2,at_home,other,2,0,no,no,yes,yes,no,4,FALSE
F,17,U,GT3,T,3,4,services,other,1,0,no,no,yes,yes,yes,5,FALSE
F,17,U,GT3,T,3,2,other,other,1,0,no,yes,yes,yes,yes,2,FALSE
F,18,U,LE3,T,3,3,services,services,1,0,no,yes,yes,yes,yes,1,FALSE
F,17,R,GT3,A,3,2,other,other,1,0,no,yes,yes,yes,yes,2,FALSE
M,18,U,GT3,T,4,4,teacher,services,1,0,no,yes,yes,yes,yes,2,FALSE
M,18,U,LE3,T,3,4,services,other,1,0,no,no,yes,yes,yes,5,FALSE
F,17,U,GT3,A,2,2,at_home,at_home,1,0,no,yes,yes,yes,yes,4,FALSE
F,18,U,GT3,T,2,3,at_home,other,1,0,no,yes,yes,yes,yes,3,FALSE
F,18,U,GT3,T,3,2,other,services,1,0,no,no,yes,yes,yes,1,FALSE
M,18,R,GT3,T,4,3,teacher,services,1,0,no,no,yes,yes,yes,4,FALSE
M,18,U,GT3,T,4,3,teacher,other,1,0,no,yes,yes,yes,yes,5,FALSE
F,17,U,GT3,T,4,3,health,other,1,0,no,yes,yes,yes,yes,4,FALSE
F,17,U,GT3,T,2,1,services,other,2,0,no,yes,yes,yes,yes,1,FALSE
F,17,U,GT3,T,2,1,services,other,1,0,no,yes,yes,yes,yes,4,FALSE
F,19,U,LE3,A,2,3,at_home,other,2,1,no,no,yes,no,yes,5,FALSE
F,17,U,GT3,T,3,1,other,at_home,1,1,no,yes,yes,yes,yes,3,FALSE
F,21,U,LE3,T,4,4,other,other,1,2,no,no,yes,yes,yes,5,FALSE
M,18,U,LE3,T,2,2,services,services,1,0,no,yes,no,no,yes,3,FALSE
M,18,U,LE3,A,3,4,other,other,1,0,no,no,yes,yes,yes,2,FALSE
F,17,U,GT3,T,2,2,services,services,1,0,no,yes,yes,yes,yes,4,FALSE
M,17,U,LE3,A,4,4,health,other,1,0,no,yes,yes,yes,yes,4,FALSE
F,18,U,LE3,T,4,2,teacher,other,1,0,no,yes,yes,yes,yes,3,FALSE
M,21,R,LE3,T,1,1,at_home,other,2,2,no,yes,yes,no,yes,4,FALSE
F,20,R,GT3,T,1,1,other,other,2,0,no,no,yes,yes,yes,3,FALSE
F,19,U,GT3,T,4,4,teacher,other,1,1,no,yes,yes,yes,yes,5,FALSE
M,17,U,LE3,A,3,2,other,other,1,0,no,yes,yes,yes,yes,5,FALSE
F,18,U,GT3,T,3,2,at_home,other,1,0,no,yes,yes,yes,yes,2,FALSE
M,18,R,GT3,T,2,3,other,services,1,0,no,no,yes,yes,yes,4,FALSE
M,19,U,GT3,T,2,1,other,other,1,0,no,no,yes,yes,yes,4,FALSE
F,18,U,LE3,A,2,2,services,other,2,0,no,yes,yes,yes,yes,4,FALSE
F,20,U,GT3,T,1,0,other,other,2,1,yes,no,yes,yes,yes,5,FALSE
F,18,U,GT3,T,3,2,services,other,1,0,no,yes,no,yes,yes,1,FALSE
F,16,U,GT3,T,1,3,at_home,other,2,0,no,yes,yes,no,yes,5,FALSE
F,16,R,GT3,T,2,2,other,other,2,0,no,yes,yes,yes,yes,5,FALSE
F,15,R,GT3,T,1,1,at_home,services,1,1,no,yes,yes,yes,no,2,FALSE
F,15,R,GT3,T,3,3,at_home,other,2,0,no,yes,yes,yes,yes,5,FALSE
F,16,R,GT3,T,2,3,at_home,services,2,0,no,no,yes,yes,no,5,FALSE
F,15,R,LE3,T,2,1,at_home,other,2,0,no,no,yes,no,no,1,TRUE
M,16,R,LE3,A,4,4,at_home,other,1,0,no,yes,yes,yes,no,2,FALSE
M,16,U,GT3,A,1,2,other,other,1,0,yes,no,yes,yes,yes,5,FALSE
F,17,R,GT3,T,3,2,at_home,other,1,1,no,no,yes,yes,no,5,FALSE
F,17,R,GT3,T,1,1,other,other,1,1,no,yes,no,no,yes,5,TRUE
F,15,R,GT3,T,4,4,teacher,other,2,0,no,no,yes,yes,yes,5,FALSE
F,16,U,LE3,A,2,2,at_home,other,2,0,no,no,no,no,no,1,FALSE
F,15,R,LE3,T,1,1,at_home,services,2,0,no,yes,yes,yes,yes,4,FALSE
F,15,R,LE3,T,1,1,other,services,2,1,no,yes,yes,yes,yes,2,TRUE
F,16,R,GT3,T,0,2,other,other,2,0,no,yes,yes,yes,no,2,FALSE
F,17,R,GT3,T,2,3,other,other,2,0,no,yes,yes,yes,yes,3,FALSE
F,15,R,GT3,T,3,3,other,services,2,0,no,no,no,yes,yes,4,FALSE
M,16,U,GT3,T,1,1,at_home,services,2,0,no,yes,yes,yes,no,3,TRUE
M,17,U,GT3,T,1,1,other,other,1,0,no,no,no,yes,yes,5,TRUE
M,15,R,LE3,T,4,1,health,services,1,0,no,yes,yes,yes,yes,2,FALSE
M,15,R,LE3,T,4,1,health,services,1,0,no,yes,yes,yes,yes,2,TRUE
M,16,R,GT3,T,3,4,other,health,3,0,no,no,no,yes,no,5,FALSE
M,15,R,GT3,T,1,1,other,other,4,0,no,yes,yes,yes,no,4,TRUE
M,15,U,LE3,T,3,3,at_home,at_home,1,0,no,yes,yes,yes,yes,5,FALSE
M,17,R,GT3,T,2,1,other,other,3,0,no,no,yes,no,no,3,TRUE
F,16,R,GT3,T,4,4,teacher,teacher,2,0,no,no,yes,yes,yes,4,FALSE
F,15,R,GT3,T,1,2,other,services,2,0,no,no,yes,yes,no,1,FALSE
F,16,R,GT3,T,2,3,other,services,3,0,no,yes,yes,yes,yes,1,FALSE
M,16,R,GT3,T,1,2,other,other,2,0,no,no,yes,yes,no,5,FALSE
F,16,R,GT3,T,2,2,other,other,3,0,no,yes,yes,yes,yes,4,FALSE
F,16,U,GT3,T,1,2,other,services,1,1,no,yes,yes,yes,no,4,TRUE
F,16,U,GT3,T,1,2,other,services,1,1,no,yes,yes,yes,no,4,TRUE
F,15,U,GT3,T,2,1,at_home,other,1,0,yes,yes,no,yes,yes,2,TRUE
F,16,U,GT3,T,1,1,at_home,other,1,0,no,yes,no,yes,no,2,FALSE
M,17,R,LE3,T,1,2,at_home,services,1,0,no,yes,yes,yes,yes,3,FALSE
F,16,R,GT3,T,1,1,other,other,4,0,no,yes,no,yes,yes,1,FALSE
F,16,R,GT3,T,1,1,at_home,other,4,0,yes,yes,yes,yes,no,5,FALSE
F,15,R,GT3,T,1,1,at_home,other,2,0,no,yes,yes,yes,yes,2,FALSE
F,16,R,GT3,T,1,1,at_home,other,2,0,no,no,yes,yes,yes,2,FALSE
F,15,R,GT3,T,1,1,at_home,at_home,3,0,no,yes,yes,yes,no,2,FALSE
F,15,R,LE3,T,2,2,other,other,1,0,yes,yes,yes,yes,no,5,FALSE
M,16,R,GT3,T,1,1,at_home,other,2,0,no,no,yes,yes,no,5,FALSE
F,18,U,GT3,T,1,2,other,other,1,1,no,yes,yes,yes,yes,5,TRUE
M,15,U,GT3,T,3,1,other,services,2,0,no,yes,yes,yes,no,4,FALSE
F,16,R,GT3,T,2,2,other,services,3,0,no,yes,yes,yes,yes,2,FALSE
M,15,U,GT3,T,2,2,health,other,3,0,no,no,yes,yes,no,4,FALSE
M,16,U,GT3,T,4,4,other,teacher,1,0,no,yes,yes,yes,no,3,FALSE
F,15,R,GT3,T,3,3,services,other,1,0,no,yes,yes,yes,yes,1,FALSE
F,16,R,GT3,T,2,2,at_home,other,2,1,no,yes,no,yes,no,5,FALSE
F,16,R,LE3,T,2,2,other,other,3,0,no,yes,yes,yes,no,4,FALSE
M,16,U,LE3,T,2,1,at_home,services,2,0,no,yes,yes,yes,yes,4,FALSE
M,15,R,LE3,T,1,3,at_home,other,3,0,no,yes,yes,yes,yes,3,FALSE
F,15,U,GT3,T,2,2,other,services,2,0,no,yes,yes,yes,no,4,FALSE
F,16,R,LE3,T,2,1,other,other,1,0,no,yes,yes,yes,yes,5,TRUE
M,15,U,GT3,T,3,3,services,services,2,0,no,yes,no,yes,yes,3,FALSE
F,16,R,GT3,T,1,1,at_home,other,2,3,yes,yes,yes,yes,no,1,TRUE
F,17,U,GT3,T,2,2,other,at_home,1,0,no,yes,yes,no,no,5,FALSE
F,19,U,GT3,T,2,3,at_home,services,1,1,no,no,yes,no,yes,2,FALSE
F,17,R,GT3,T,2,1,at_home,other,3,0,no,yes,yes,no,no,3,FALSE
F,15,R,LE3,T,1,1,at_home,other,2,0,no,yes,yes,no,no,4,TRUE
F,16,R,GT3,T,2,2,other,other,3,0,no,yes,yes,no,yes,1,FALSE
F,16,U,LE3,A,2,2,other,other,1,0,no,yes,yes,no,no,1,TRUE
F,17,R,GT3,T,2,2,at_home,other,2,0,no,yes,yes,yes,yes,4,FALSE
F,16,U,GT3,T,2,2,other,services,1,1,no,yes,no,yes,yes,3,FALSE
F,18,R,LE3,A,3,2,other,other,2,2,no,yes,no,no,no,2,FALSE
F,19,U,GT3,T,1,1,at_home,services,1,1,no,no,yes,no,no,3,TRUE
M,18,R,GT3,T,1,1,other,other,2,1,no,no,yes,no,yes,4,FALSE
F,18,R,GT3,T,1,1,at_home,at_home,2,1,no,no,no,no,yes,2,FALSE
F,19,U,GT3,T,1,1,other,other,2,1,no,yes,yes,yes,yes,1,TRUE
F,16,R,GT3,A,2,2,health,other,1,0,no,no,no,yes,no,3,FALSE
F,17,U,GT3,T,0,1,other,at_home,2,0,no,no,no,yes,no,5,FALSE
F,16,R,LE3,T,1,2,at_home,other,1,0,no,no,yes,no,yes,3,TRUE
F,16,U,GT3,T,3,3,other,other,1,0,no,no,yes,no,yes,4,FALSE
F,16,R,LE3,T,1,1,services,services,1,0,no,yes,yes,yes,yes,4,FALSE
M,17,U,GT3,T,3,3,services,at_home,2,1,no,yes,yes,yes,no,5,FALSE
F,16,U,GT3,T,2,1,other,services,1,0,no,yes,yes,yes,yes,1,FALSE
F,16,U,GT3,T,2,2,services,other,1,0,no,yes,yes,yes,no,5,FALSE
M,17,U,GT3,T,1,2,other,other,1,1,no,yes,yes,no,yes,1,TRUE
M,16,U,LE3,T,4,3,other,other,1,0,no,no,yes,yes,yes,5,FALSE
M,17,R,LE3,T,2,2,services,services,3,1,no,yes,yes,yes,no,3,TRUE
F,16,U,GT3,T,1,1,other,other,1,0,yes,yes,yes,yes,yes,5,FALSE
F,19,U,LE3,T,2,2,other,other,1,0,no,no,yes,yes,yes,1,FALSE
F,17,R,GT3,T,1,1,at_home,other,2,0,no,yes,no,yes,yes,5,FALSE
F,20,U,GT3,T,3,3,at_home,services,2,1,no,no,yes,yes,yes,3,FALSE
F,17,U,LE3,T,1,1,other,services,1,0,no,yes,yes,yes,no,3,FALSE
M,17,R,GT3,T,2,2,other,other,3,1,no,yes,no,yes,yes,5,TRUE
F,16,R,LE3,T,1,1,at_home,other,3,0,no,yes,yes,yes,no,1,FALSE
F,17,R,GT3,T,2,2,other,other,2,0,no,yes,yes,yes,no,1,FALSE
F,17,U,GT3,A,1,0,other,other,2,0,no,no,yes,yes,yes,4,FALSE
F,18,R,GT3,T,1,1,at_home,other,1,1,no,yes,yes,yes,yes,5,TRUE
F,16,U,GT3,T,3,1,other,other,1,0,no,no,yes,yes,yes,1,TRUE
F,16,U,GT3,T,3,2,services,at_home,1,0,no,no,yes,yes,yes,3,TRUE
F,18,U,LE3,T,1,1,other,at_home,2,0,yes,no,yes,yes,no,3,FALSE
F,16,R,GT3,T,4,4,health,teacher,1,0,no,no,no,yes,yes,2,FALSE
F,16,R,LE3,T,1,2,other,other,2,0,no,no,yes,yes,yes,2,FALSE
F,18,U,GT3,A,2,4,other,services,1,1,no,yes,yes,yes,yes,1,TRUE
M,16,R,GT3,T,2,1,other,services,2,0,no,no,yes,yes,yes,2,TRUE
F,16,U,LE3,T,1,1,at_home,other,3,0,no,yes,yes,yes,yes,5,TRUE
F,16,R,GT3,T,2,3,at_home,services,2,0,no,yes,yes,yes,yes,2,FALSE
F,16,U,GT3,T,4,4,health,health,1,0,no,yes,yes,yes,yes,3,TRUE
M,18,U,LE3,T,4,4,at_home,health,1,0,no,yes,yes,no,yes,5,TRUE
F,16,R,LE3,T,3,4,at_home,other,3,0,no,yes,no,yes,no,2,TRUE
M,17,U,LE3,T,4,4,other,services,1,0,no,yes,yes,yes,yes,5,FALSE
F,17,R,GT3,T,4,1,other,other,1,0,no,no,yes,yes,yes,5,FALSE
M,16,U,LE3,T,2,2,services,services,4,0,no,no,yes,yes,no,3,FALSE
F,17,R,GT3,T,2,2,at_home,other,1,0,no,yes,yes,yes,yes,5,TRUE
F,16,U,LE3,T,4,4,services,services,2,0,no,yes,yes,yes,no,5,FALSE
M,17,U,GT3,T,3,3,services,services,1,0,no,yes,yes,yes,yes,3,TRUE
M,17,U,GT3,T,1,1,at_home,services,3,0,no,no,yes,yes,yes,1,FALSE
M,16,U,GT3,T,2,1,health,services,2,0,no,no,no,yes,yes,5,TRUE
F,16,U,LE3,T,2,1,other,services,1,0,no,no,yes,yes,yes,3,FALSE
M,16,U,LE3,T,4,4,teacher,health,1,0,no,yes,yes,yes,yes,5,FALSE
M,15,R,GT3,T,1,2,other,services,3,0,no,yes,yes,yes,no,5,FALSE
M,15,U,LE3,A,2,2,other,other,3,0,no,yes,yes,yes,no,5,FALSE
M,15,U,LE3,A,2,1,services,services,1,0,no,no,yes,yes,yes,5,FALSE
F,16,R,LE3,T,2,2,other,other,1,0,no,yes,no,yes,no,5,FALSE
F,16,U,LE3,T,4,1,other,other,2,0,no,yes,yes,yes,yes,1,FALSE
F,17,U,GT3,T,3,2,at_home,other,2,0,no,no,yes,yes,no,1,FALSE
F,17,R,GT3,T,2,2,other,other,2,0,yes,no,yes,yes,no,5,FALSE
F,16,U,GT3,T,4,4,teacher,services,2,0,no,yes,yes,yes,yes,5,FALSE
M,17,R,GT3,T,4,4,health,other,3,3,no,no,yes,yes,yes,5,TRUE
M,17,R,LE3,T,1,3,other,other,2,0,no,no,yes,yes,no,5,FALSE
M,17,U,GT3,T,3,4,services,other,1,1,no,yes,no,yes,yes,5,TRUE
F,17,U,GT3,T,4,4,health,health,1,0,no,yes,yes,yes,yes,5,FALSE
M,16,R,LE3,T,4,1,other,at_home,1,0,no,no,yes,yes,yes,2,FALSE
F,17,U,GT3,A,1,1,at_home,at_home,1,0,no,no,yes,yes,yes,3,FALSE
F,17,R,GT3,T,4,2,other,other,2,0,yes,yes,no,yes,yes,5,FALSE
M,16,U,LE3,A,2,2,other,services,2,0,no,yes,no,yes,yes,5,FALSE
M,17,U,GT3,T,3,2,other,other,2,0,no,yes,yes,yes,yes,1,FALSE
M,19,U,GT3,T,1,1,other,other,1,2,no,yes,yes,no,yes,4,FALSE
M,17,U,LE3,A,1,0,other,other,1,0,no,no,yes,yes,no,5,FALSE
F,17,R,GT3,T,1,1,at_home,at_home,2,0,no,yes,yes,no,yes,4,FALSE
F,16,R,GT3,T,1,2,other,other,1,0,yes,yes,no,yes,yes,3,FALSE
M,16,R,LE3,T,1,2,other,at_home,1,0,no,no,yes,yes,no,5,FALSE
F,17,R,GT3,T,3,1,other,other,2,3,no,yes,no,yes,yes,5,FALSE
M,17,R,GT3,T,2,2,other,other,2,0,no,no,yes,no,no,5,FALSE
M,18,R,GT3,T,1,0,at_home,at_home,3,1,yes,yes,yes,yes,no,4,FALSE
M,17,R,GT3,T,1,1,other,services,2,0,no,yes,no,yes,yes,2,FALSE
M,18,U,LE3,T,1,1,at_home,at_home,2,0,no,yes,yes,yes,no,5,FALSE
F,16,R,LE3,T,2,2,other,services,1,0,no,no,yes,yes,no,1,FALSE
M,17,U,GT3,T,2,2,other,other,1,1,no,no,yes,yes,no,5,TRUE
M,16,R,GT3,T,3,2,services,other,2,0,no,no,yes,yes,yes,5,FALSE
M,16,R,LE3,T,1,1,at_home,other,2,0,no,no,yes,yes,yes,5,TRUE
M,18,R,GT3,T,1,1,services,other,2,1,no,yes,yes,no,yes,5,TRUE
M,18,R,GT3,T,3,2,services,other,1,1,no,no,yes,no,yes,5,TRUE
M,19,U,GT3,T,3,2,at_home,services,2,3,no,no,yes,yes,no,3,TRUE
M,18,U,GT3,T,3,3,at_home,at_home,1,2,no,yes,yes,no,yes,3,TRUE
M,16,R,GT3,T,2,2,services,services,2,0,no,yes,yes,yes,yes,4,TRUE
M,19,U,GT3,T,2,1,at_home,other,2,3,no,no,no,no,yes,5,TRUE
F,16,U,GT3,A,3,2,services,at_home,2,2,no,yes,yes,yes,no,1,TRUE
F,17,U,GT3,T,1,1,other,at_home,1,0,no,yes,yes,yes,no,5,FALSE
M,20,R,GT3,T,1,1,other,other,2,1,no,yes,yes,no,yes,4,FALSE
F,18,R,GT3,A,4,3,services,services,1,0,no,yes,yes,yes,yes,2,FALSE
M,18,R,GT3,T,3,2,other,other,2,0,no,yes,no,yes,yes,5,FALSE
M,19,R,GT3,T,1,1,other,services,3,1,no,no,yes,yes,yes,2,FALSE
M,17,U,GT3,T,3,3,health,other,2,1,no,yes,yes,yes,yes,3,FALSE
M,18,U,LE3,T,1,3,at_home,services,1,0,no,no,yes,no,yes,3,TRUE
M,19,R,GT3,T,1,1,other,other,3,1,no,yes,yes,yes,yes,5,FALSE
F,18,U,GT3,A,1,2,at_home,other,2,2,no,yes,yes,yes,no,5,TRUE
F,19,U,LE3,A,1,1,at_home,other,1,0,no,yes,yes,no,no,5,TRUE
F,18,R,GT3,T,2,2,other,other,2,1,no,no,yes,no,yes,3,TRUE
F,17,R,GT3,T,0,0,at_home,other,2,0,no,yes,yes,yes,yes,5,FALSE
F,17,R,LE3,A,3,1,other,at_home,2,0,no,yes,yes,no,no,3,TRUE
F,17,U,GT3,T,4,2,teacher,services,1,0,yes,yes,yes,yes,yes,5,TRUE
F,18,R,LE3,T,2,2,services,services,1,1,no,yes,yes,yes,yes,4,TRUE
F,17,U,GT3,T,4,1,health,at_home,1,0,no,yes,yes,yes,no,5,TRUE
F,17,U,LE3,T,1,2,at_home,other,1,0,no,no,yes,yes,yes,3,FALSE
F,18,U,GT3,T,1,1,other,other,3,2,no,no,yes,yes,no,5,TRUE
F,18,U,GT3,T,2,2,services,at_home,2,0,no,no,no,yes,yes,1,FALSE
F,17,U,GT3,T,3,3,services,services,2,0,no,yes,yes,yes,yes,4,FALSE
F,18,U,LE3,A,1,2,at_home,other,2,0,no,no,yes,yes,yes,4,FALSE
F,18,U,GT3,T,4,4,teacher,teacher,2,0,no,no,no,yes,yes,1,FALSE
M,18,U,LE3,T,4,4,services,other,1,0,no,yes,yes,yes,yes,5,FALSE
F,17,U,GT3,T,4,2,other,other,2,0,no,yes,yes,yes,yes,4,FALSE
F,18,R,GT3,T,2,2,at_home,other,3,1,no,no,yes,yes,no,4,TRUE
M,18,U,LE3,T,1,2,at_home,services,2,0,no,yes,no,yes,no,1,FALSE
M,18,R,GT3,T,4,4,at_home,services,3,0,no,yes,yes,yes,yes,1,FALSE
M,17,R,GT3,T,1,1,other,services,3,0,no,no,no,no,no,4,FALSE
F,18,U,GT3,T,2,2,other,other,2,0,no,yes,no,yes,yes,2,FALSE
F,18,U,LE3,T,2,2,services,services,2,0,no,no,yes,yes,yes,3,FALSE
F,18,R,LE3,A,4,2,teacher,other,1,0,no,no,yes,yes,yes,5,TRUE
F,18,U,GT3,T,1,1,at_home,services,3,1,no,no,yes,no,no,2,FALSE
F,19,U,GT3,T,1,1,at_home,services,2,1,no,no,yes,no,no,2,TRUE
F,17,U,GT3,T,4,2,teacher,other,2,0,no,no,yes,yes,yes,5,FALSE
F,17,R,LE3,A,2,1,services,other,2,0,no,no,yes,yes,yes,2,FALSE
F,18,U,LE3,A,1,1,at_home,services,1,0,no,no,yes,yes,no,3,FALSE
F,18,U,GT3,T,1,2,at_home,at_home,2,0,no,yes,yes,no,no,4,FALSE
F,19,R,GT3,A,1,1,at_home,at_home,2,3,no,yes,yes,no,no,1,TRUE
F,18,R,GT3,T,2,2,services,other,2,0,no,no,yes,yes,yes,4,FALSE
M,17,R,GT3,T,4,3,services,other,2,1,no,yes,no,yes,yes,2,FALSE
F,18,U,GT3,T,3,3,services,services,1,0,no,yes,yes,yes,no,5,FALSE
F,17,R,GT3,T,4,4,teacher,services,2,0,no,yes,yes,yes,yes,5,FALSE
F,17,U,LE3,A,3,2,services,other,2,0,no,no,yes,yes,no,5,FALSE
M,18,U,LE3,T,1,1,other,services,2,0,no,no,no,yes,yes,3,FALSE
F,18,U,LE3,T,1,1,at_home,services,2,0,no,no,yes,yes,yes,4,FALSE
F,18,R,LE3,A,1,2,at_home,other,3,0,no,no,yes,yes,no,5,FALSE
F,18,U,GT3,T,3,3,services,services,2,0,no,yes,yes,yes,yes,3,FALSE
F,17,U,LE3,T,4,4,at_home,at_home,1,0,no,yes,yes,yes,yes,1,FALSE
F,17,R,GT3,T,1,2,other,services,2,0,no,no,no,yes,no,3,FALSE
M,18,R,GT3,T,1,3,at_home,other,2,0,no,yes,yes,yes,no,3,TRUE
M,18,U,LE3,T,4,4,teacher,services,2,0,no,no,yes,yes,yes,5,FALSE
F,17,R,GT3,T,1,1,other,services,3,1,no,yes,yes,yes,yes,1,TRUE
F,18,U,GT3,T,2,3,at_home,services,2,0,no,yes,yes,yes,yes,4,FALSE
F,18,R,GT3,T,4,4,other,teacher,3,0,no,yes,no,yes,yes,5,TRUE
M,18,R,LE3,T,1,2,at_home,services,3,0,no,yes,yes,no,yes,3,FALSE
F,17,U,GT3,T,2,2,other,at_home,1,0,no,no,yes,yes,no,3,FALSE
F,17,R,GT3,T,1,2,other,other,1,0,no,no,yes,yes,yes,1,TRUE
F,18,R,LE3,T,4,4,other,other,2,0,no,no,yes,yes,yes,1,FALSE
F,18,R,GT3,T,1,1,other,other,4,0,no,no,yes,yes,yes,4,FALSE
F,19,R,GT3,T,1,1,at_home,other,2,1,no,yes,yes,yes,yes,3,TRUE
F,18,R,LE3,T,4,4,teacher,services,1,0,no,no,yes,yes,yes,2,FALSE
F,18,U,GT3,T,3,3,other,other,1,0,no,no,yes,yes,yes,1,FALSE
F,17,R,GT3,T,3,1,at_home,other,1,0,no,yes,no,yes,yes,1,TRUE
M,18,U,GT3,T,4,4,teacher,teacher,1,0,no,no,no,yes,yes,2,FALSE
M,18,R,GT3,T,2,1,other,other,2,0,no,no,no,yes,yes,5,TRUE
M,17,U,GT3,T,2,3,other,services,2,0,no,no,yes,yes,yes,3,FALSE
M,19,R,GT3,T,1,1,other,services,2,1,no,no,yes,yes,no,5,TRUE
M,18,R,GT3,T,4,2,other,other,2,1,no,no,yes,yes,no,3,TRUE
F,18,R,GT3,T,2,2,at_home,other,2,0,no,no,yes,yes,no,4,FALSE
F,17,U,GT3,T,4,3,teacher,other,2,0,no,no,yes,yes,yes,1,FALSE
F,18,R,GT3,T,4,4,teacher,at_home,3,0,no,yes,yes,yes,yes,5,FALSE
F,19,R,GT3,T,2,3,services,other,1,1,no,no,no,yes,yes,5,FALSE
F,18,U,LE3,T,3,1,teacher,services,1,0,no,yes,yes,yes,yes,1,FALSE
F,18,U,GT3,T,1,1,other,other,2,0,no,no,yes,yes,no,5,TRUE
M,17,U,LE3,T,3,1,services,services,2,0,no,no,no,yes,yes,2,FALSE
M,18,R,LE3,T,3,2,services,other,3,0,no,no,no,yes,yes,5,FALSE
